{"Train/accuracy/no": 1.0, "_runtime": 620, "_timestamp": 1624728235, "_step": 1049, "Train/accuracy/yes": 1.0, "Train/accuracy": 1.0, "Train/loss": 0.0012915323022753, "Test/accuracy/no": 1.0, "Test/accuracy/yes": 0.7612903118133545, "Test/accuracy": 0.8149999976158142}