{"Train/loss": 18.337085723876953, "_runtime": 187, "_timestamp": 1624722955, "_step": 7, "Train/accuracy/no": 1.0, "Train/accuracy/yes": 0.0, "Train/accuracy": 0.5099999904632568}