{"Train/loss": 8.765817827403648e+32, "_runtime": 55, "_timestamp": 1624723158, "_step": 191, "Train/accuracy/no": 1.0, "Train/accuracy/yes": 0.0, "Train/accuracy": 0.4699999988079071}