{"Train/accuracy/no": 1.0, "_runtime": 273, "_timestamp": 1624726777, "_step": 1014, "Train/accuracy/yes": 1.0, "Train/accuracy": 1.0, "Train/loss": 0.005115139298141003, "Test/accuracy/no": 1.0, "Test/accuracy/yes": 0.8904109597206116, "Test/accuracy": 0.9199999570846558}