{"Train/loss": 0.35116708278656006, "_runtime": 104, "_timestamp": 1624305021, "_step": 115, "Train/accuracy": 0.8857142925262451}