{"Train/loss": 0.533399760723114, "_runtime": 65, "_timestamp": 1624310438, "_step": 231, "Train/accuracy/no": 0.0, "Train/accuracy/yes": 1.0, "Train/accuracy": 0.8142856955528259}