{"Test/accuracy/no": 0.9811320900917053, "_runtime": 159, "_timestamp": 1625314579, "_step": 262, "Test/accuracy/yes": 0.9716312289237976, "Test/accuracy": 0.9742267727851868, "memory/usage": 1892.10205078125, "heatmaps/image": {"_type": "images/separated", "width": 256, "height": 256, "format": "png", "count": 11, "captions": ["L2C55", "L5C50", "L10C242", "L12C77", "L14C40", "L16C37", "L19C73", "L23C364", "L25C416", "L28C182", "L34C483"]}}