{"Train/loss": 0.305419385433197, "_runtime": 334, "_timestamp": 1624719438, "_step": 1159, "Train/accuracy/no": 0.3333333432674408, "Train/accuracy/yes": 0.9344262480735779, "Train/accuracy": 0.8571428656578064}