{"Test/accuracy/no": 0.9615384340286255, "_runtime": 10, "_timestamp": 1625302858, "_step": 5, "Test/accuracy/yes": 0.9647887349128723, "Test/accuracy": 0.9639174938201904}