{"Test/accuracy/no": 1.0, "_runtime": 196, "_timestamp": 1625413723, "_step": 263, "Test/accuracy/yes": 0.9729729890823364, "Test/accuracy": 0.9793814420700073, "memory/usage": 1890.22705078125, "heatmaps/binary": {"_type": "images/separated", "width": 256, "height": 256, "format": "png", "count": 11, "captions": ["L2C55", "L5C23", "L10C141", "L12C103", "L14C64", "L16C37", "L19C286", "L23C389", "L25C204", "L28C450", "L34C485"]}, "heatmaps/overlay": {"_type": "images/separated", "width": 256, "height": 256, "format": "png", "count": 11, "captions": ["L2C55", "L5C23", "L10C141", "L12C103", "L14C64", "L16C37", "L19C286", "L23C389", "L25C204", "L28C450", "L34C485"]}}