{"Test/accuracy/no": 1.0, "_runtime": 154, "_timestamp": 1625326171, "_step": 263, "Test/accuracy/yes": 0.9071428775787354, "Test/accuracy": 0.9329896569252014, "memory/usage": 7570.033203125, "heatmaps/binary": {"_type": "images/separated", "width": 256, "height": 256, "format": "png", "count": 11, "captions": ["L2C55", "L5C50", "L10C242", "L12C77", "L14C40", "L16C37", "L19C73", "L23C96", "L25C416", "L28C477", "L34C483"]}, "heatmaps/overlay": {"_type": "images/separated", "width": 256, "height": 256, "format": "png", "count": 11, "captions": ["L2C55", "L5C50", "L10C242", "L12C77", "L14C40", "L16C37", "L19C73", "L23C96", "L25C416", "L28C477", "L34C483"]}}