{"Train/accuracy/no": 0.9693877696990967, "_runtime": 98, "_timestamp": 1625306089, "_step": 6, "Train/accuracy/yes": 1.0, "Train/accuracy": 0.98499995470047, "Train/loss": 0.05209823697805405, "Test/accuracy/no": 0.9615384340286255, "Test/accuracy/yes": 0.9662162065505981, "Test/accuracy": 0.9649999737739563}