{"Train/accuracy/no": 1.0, "_runtime": 62, "_timestamp": 1625309756, "_step": 104, "Train/accuracy/yes": 1.0, "Train/accuracy": 1.0, "Train/loss": 0.00016455876175314188, "Test/accuracy/no": 1.0, "Test/accuracy/yes": 0.8137931227684021, "Test/accuracy": 0.8650000095367432}