{"Test/accuracy/no": 0.9811320900917053, "_runtime": 155, "_timestamp": 1625317709, "_step": 261, "Test/accuracy/yes": 0.8865247964859009, "Test/accuracy": 0.9123710989952087, "memory/usage": 1896.10205078125}