{"Train/loss": 0.4014931619167328, "_runtime": 151, "_timestamp": 1624304521, "_step": 143, "Train/accuracy": 0.7899999618530273}