{"Train/loss": 0.21776454150676727, "_runtime": 65, "_timestamp": 1624310564, "_step": 231, "Train/accuracy/no": 0.5, "Train/accuracy/yes": 0.9677419066429138, "Train/accuracy": 0.9142857193946838}