{"Train/loss": 3.5957682697856084e+31, "_runtime": 78, "_timestamp": 1624723268, "_step": 231, "Train/accuracy/no": 0.0, "Train/accuracy/yes": 1.0, "Train/accuracy": 0.5428571701049805}