{"Train/accuracy/no": 0.9693877696990967, "_runtime": 10, "_timestamp": 1625309631, "_step": 3, "Train/accuracy/yes": 1.0, "Train/accuracy": 0.98499995470047, "Train/loss": 0.03759969398379326}