{"Train/loss": 357738.28125, "_runtime": 130, "_timestamp": 1624723576, "_step": 476, "Train/accuracy/no": 0.4888888895511627, "Train/accuracy/yes": 0.5454545617103577, "Train/accuracy": 0.5199999809265137}