{"Test/accuracy/no": 1.0, "_runtime": 323, "_timestamp": 1625315026, "_step": 583, "Test/accuracy/yes": 0.9160839319229126, "Test/accuracy": 0.938144326210022, "Train/accuracy/no": 1.0, "Train/accuracy/yes": 1.0, "Train/accuracy": 1.0, "Train/loss": 9.521591709926724e-05, "memory/usage": 2429.302734375, "heatmaps/image": {"_type": "images/separated", "width": 256, "height": 256, "format": "png", "count": 11, "captions": ["L2C55", "L5C50", "L10C242", "L12C103", "L14C40", "L16C37", "L19C201", "L23C449", "L25C416", "L28C450", "L34C483"]}}