{"Loss/train": 0.37412622570991516, "_runtime": 54, "_timestamp": 1624303470, "_step": 57, "Loss/acc": 0.8714285492897034}