{"Test/accuracy/no": 1.0, "_runtime": 816, "_timestamp": 1625413410, "_step": 1319, "Test/accuracy/yes": 0.8881118893623352, "Test/accuracy": 0.9175257682800293, "Train/accuracy/no": 0.939393937587738, "Train/accuracy/yes": 1.0, "Train/accuracy": 0.9714285731315613, "Train/loss": 0.03707073628902435, "memory/usage": 2425.443359375, "heatmaps/binary": {"_type": "images/separated", "width": 256, "height": 256, "format": "png", "count": 11, "captions": ["L2C2", "L5C23", "L10C141", "L12C103", "L14C64", "L16C37", "L19C413", "L23C389", "L25C136", "L28C450", "L34C485"]}, "heatmaps/overlay": {"_type": "images/separated", "width": 256, "height": 256, "format": "png", "count": 11, "captions": ["L2C2", "L5C23", "L10C141", "L12C103", "L14C64", "L16C37", "L19C413", "L23C389", "L25C136", "L28C450", "L34C485"]}}