{"Train/accuracy/no": 0.18478260934352875, "_runtime": 2621, "_timestamp": 1625308752, "_step": 38, "Train/accuracy/yes": 1.0, "Train/accuracy": 0.625, "Train/loss": 0.655046284198761, "Test/accuracy/no": 0.22641509771347046, "Test/accuracy/yes": 1.0, "Test/accuracy": 0.7949999570846558}