{"Train/accuracy/no": 1.0, "_runtime": 217, "_timestamp": 1625301826, "_step": 419, "Train/accuracy/yes": 1.0, "Train/accuracy": 1.0, "Train/loss": 0.003033966990187764, "Test/accuracy/no": 1.0, "Test/accuracy/yes": 0.8652482032775879, "Test/accuracy": 0.9049999713897705}