{"Train/loss": 0.23050542175769806, "_runtime": 75, "_timestamp": 1624308839, "_step": 231, "Train/accuracy/no": 0.0, "Train/accuracy/yes": 1.0, "Train/accuracy": 0.9428571462631226}