{"Test/accuracy/no": 0.97826087474823, "_runtime": 155, "_timestamp": 1625322227, "_step": 261, "Test/accuracy/yes": 0.9459459185600281, "Test/accuracy": 0.9536082148551941, "memory/usage": 3492.45458984375}