{"Train/loss": 92924.53125, "_runtime": 67, "_timestamp": 1624723360, "_step": 231, "Train/accuracy/no": 0.837837815284729, "Train/accuracy/yes": 0.27272728085517883, "Train/accuracy": 0.5714285969734192}