{"Train/loss": 0.18042781949043274, "_runtime": 129, "_timestamp": 1624724170, "_step": 463, "Train/accuracy/no": 0.8444444537162781, "Train/accuracy/yes": 1.0, "Train/accuracy": 0.8999999761581421}