{"Test/accuracy/no": 1.0, "_runtime": 155, "_timestamp": 1625323123, "_step": 261, "Test/accuracy/yes": 0.9305555820465088, "Test/accuracy": 0.9484536051750183, "memory/usage": 3783.4150390625}