{"Train/loss": 0.6910350918769836, "_runtime": 1003, "_timestamp": 1624721401, "_step": 3911, "Train/accuracy/no": 0.375, "Train/accuracy/yes": 0.5833333134651184, "Train/accuracy": 0.5}