{"Test/accuracy/no": 1.0, "_runtime": 11, "_timestamp": 1625321945, "_step": 2, "Test/accuracy/yes": 0.9144737124443054, "Test/accuracy": 0.9350000023841858}