{"Test/accuracy/no": 0.9649122953414917, "_runtime": 155, "_timestamp": 1625316808, "_step": 262, "Test/accuracy/yes": 0.9416058659553528, "Test/accuracy": 0.9484536051750183, "memory/usage": 1893.10205078125, "heatmaps/image": {"_type": "images/separated", "width": 256, "height": 256, "format": "png", "count": 11, "captions": ["L2C55", "L5C50", "L10C242", "L12C77", "L14C40", "L16C37", "L19C73", "L23C96", "L25C416", "L28C477", "L34C483"]}}