{"Train/loss": 0.6999797821044922, "_runtime": 96, "_timestamp": 1624720373, "_step": 347, "Train/accuracy/no": 1.0, "Train/accuracy/yes": 0.0, "Train/accuracy": 0.4571428596973419}