{"Test/accuracy/no": 0.9803921580314636, "_runtime": 20, "_timestamp": 1625322960, "_step": 13, "Test/accuracy/yes": 0.9020978808403015, "Test/accuracy": 0.9226803779602051, "memory/usage": 1889.43798828125}