{"Test/accuracy/no": 0.9807692170143127, "_runtime": 427, "_timestamp": 1625326840, "_step": 263, "Test/accuracy/yes": 0.9295774698257446, "Test/accuracy": 0.9432989358901978, "memory/usage": 7571.533203125, "heatmaps/binary": {"_type": "images/separated", "width": 256, "height": 256, "format": "png", "count": 11, "captions": ["L2C55", "L5C50", "L10C242", "L12C77", "L14C40", "L16C37", "L19C73", "L23C96", "L25C416", "L28C477", "L34C483"]}, "heatmaps/overlay": {"_type": "images/separated", "width": 256, "height": 256, "format": "png", "count": 11, "captions": ["L2C55", "L5C50", "L10C242", "L12C77", "L14C40", "L16C37", "L19C73", "L23C96", "L25C416", "L28C477", "L34C483"]}}