{"Train/loss": 0.7375776767730713, "_runtime": 306, "_timestamp": 1624721827, "_step": 3, "Train/accuracy/no": 0.5454545617103577, "Train/accuracy/yes": 0.31111112236976624, "Train/accuracy": 0.4399999976158142}