{"Test/accuracy/no": 1.0, "_runtime": 199, "_timestamp": 1625414399, "_step": 263, "Test/accuracy/yes": 0.9650349617004395, "Test/accuracy": 0.9742267727851868, "memory/usage": 1892.10205078125, "heatmaps/binary": {"_type": "images/separated", "width": 256, "height": 256, "format": "png", "count": 11, "captions": ["L2C55", "L5C23", "L10C141", "L12C103", "L14C64", "L16C37", "L19C286", "L23C389", "L25C204", "L28C450", "L34C485"]}, "heatmaps/overlay": {"_type": "images/separated", "width": 256, "height": 256, "format": "png", "count": 11, "captions": ["L2C55", "L5C23", "L10C141", "L12C103", "L14C64", "L16C37", "L19C286", "L23C389", "L25C204", "L28C450", "L34C485"]}}