{"Train/accuracy/no": 1.0, "_runtime": 302, "_timestamp": 1625309232, "_step": 524, "Train/accuracy/yes": 1.0, "Train/accuracy": 1.0, "Train/loss": 0.0005979918641969562, "Test/accuracy/no": 1.0, "Test/accuracy/yes": 0.8399999737739563, "Test/accuracy": 0.8799999952316284}