{"Train/loss": 0.3101859390735626, "_runtime": 103, "_timestamp": 1624718182, "_step": 231, "Train/accuracy/no": 0.0, "Train/accuracy/yes": 1.0, "Train/accuracy": 0.9142857193946838}