{"Loss/train": 0.30446937680244446, "_runtime": 209, "_timestamp": 1624303956, "_step": 231, "Loss/acc": 0.8999999761581421}