{"Test/accuracy/no": 0.9166666865348816, "_runtime": 10, "_timestamp": 1625302882, "_step": 5, "Test/accuracy/yes": 0.9726027250289917, "Test/accuracy": 0.9587628841400146}