{"Train/accuracy/no": 1.0, "_runtime": 225, "_timestamp": 1625302179, "_step": 419, "Train/accuracy/yes": 1.0, "Train/accuracy": 1.0, "Train/loss": 0.007721261586993933, "Test/accuracy/no": 1.0, "Test/accuracy/yes": 0.8424657583236694, "Test/accuracy": 0.8849999904632568}