{"Test/accuracy/no": 1.0, "_runtime": 11, "_timestamp": 1625321890, "_step": 2, "Test/accuracy/yes": 0.8972602486610413, "Test/accuracy": 0.9249999523162842}