{"Train/loss": 0.7009151577949524, "_runtime": 845, "_timestamp": 1624722681, "_step": 3, "Train/accuracy/no": 0.38297873735427856, "Train/accuracy/yes": 0.6226415038108826, "Train/accuracy": 0.5099999904632568}