{"Test/accuracy/no": 1.0, "_runtime": 10, "_timestamp": 1625302818, "_step": 5, "Test/accuracy/yes": 0.9795918464660645, "Test/accuracy": 0.9845360517501831}