{"Train/loss": 0.6052630543708801, "_runtime": 148, "_timestamp": 1624304254, "_step": 173, "Train/accuracy": 0.8571428656578064}