{"Train/loss": 0.6633276343345642, "_runtime": 10, "_timestamp": 1624723595, "_step": 7, "Train/accuracy/no": 0.15094339847564697, "Train/accuracy/yes": 1.0, "Train/accuracy": 0.550000011920929}