{"Test/accuracy/no": 1.0, "_runtime": 153, "_timestamp": 1625325518, "_step": 261, "Test/accuracy/yes": 0.9455782175064087, "Test/accuracy": 0.9587628841400146, "memory/usage": 3786.7041015625}