{"Test/accuracy/no": 1.0, "_runtime": 154, "_timestamp": 1625325941, "_step": 261, "Test/accuracy/yes": 0.936170220375061, "Test/accuracy": 0.9536082148551941, "memory/usage": 5679.68115234375}