{"Train/accuracy/no": 0.6470588445663452, "_runtime": 25, "_timestamp": 1625308907, "_step": 3, "Train/accuracy/yes": 0.18367347121238708, "Train/accuracy": 0.41999998688697815, "Train/loss": 0.7594377398490906}