{"Train/loss": 0.36090153455734253, "_runtime": 167, "_timestamp": 1624304750, "_step": 173, "Train/accuracy": 0.8714285492897034}